Circuit,i_1,i_2,i,V_1,V_2,V
Series,0.00035,0.00037,0.00036,1.93,3.95,5.68
Parallel,0.00115,0.00055,0.00160,5.86,5.86,5.86